test_name,task,dataset,target,config,n_seeds,mean,std,min,max,median,cv,ci_lower,ci_upper
classification_HIV,classification,HIV,N/A,without_global_features,5,0.7318464549788699,0.04027006113469146,0.6617787808775936,0.7706562342251388,0.7430536207493539,0.05502528687640381,0.6818445698624588,0.781848340095281
classification_HIV,classification,HIV,N/A,with_global_features,5,0.7787385807669758,0.021146795539653266,0.7530067841604602,0.805437186711569,0.7779303314246052,0.02715519182165842,0.7524813660680123,0.8049957954659392
classification_TOX21_AhR_LUC_Agonist,classification,TOX21,AhR_LUC_Agonist,without_global_features,5,0.8520460936346274,0.018468075545112546,0.8285019617664245,0.8820362622036263,0.8555296243318528,0.021674972378937972,0.8291149491141537,0.874977238155101
classification_TOX21_AhR_LUC_Agonist,classification,TOX21,AhR_LUC_Agonist,with_global_features,5,0.8663245031349233,0.033432523867430015,0.8387510926573426,0.9297212543554007,0.846709470304976,0.03859122505071655,0.8248125418796473,0.9078364643901993
regression_QM8_E1-CC2,regression,QM8,E1-CC2,without_global_features,5,0.015188184210232325,0.00038133939995644336,0.01453902322266783,0.015589095944804805,0.01527543528271573,0.025107635954239604,0.014714688806209783,0.015661679614254867
regression_QM8_E1-CC2,regression,QM8,E1-CC2,with_global_features,5,0.013937777195658002,0.0005083921831300149,0.013488742310021605,0.014651650083916529,0.013581278920173644,0.03647584374417988,0.013306524924897246,0.014569029466418758
regression_QM9_mu,regression,QM9,mu,without_global_features,5,0.7424300590015593,0.006783422251695982,0.7323702272914705,0.7494167032695952,0.745659461475554,0.009136782878670776,0.7340073278070142,0.7508527901961045
regression_QM9_mu,regression,QM9,mu,with_global_features,5,0.7563584209907622,0.00948537654622157,0.7448285314298811,0.7736723624524616,0.7544822922774723,0.012540848733853681,0.7445807704239125,0.768136071557612
