test_name,task,dataset,target,without_mean,with_mean,improvement_pct,better_config,t_stat,p_value,significant,cohens_d,n_seeds
classification_HIV,classification,HIV,N/A,0.7318464549788699,0.7787385807669758,6.407372129644291,with_global,-1.7105818493467375,0.16233009453925953,False,0.7649954592433219,5
classification_TOX21_AhR_LUC_Agonist,classification,TOX21,AhR_LUC_Agonist,0.8520460936346274,0.8663245031349233,1.675778999160431,with_global,-1.3585969817542318,0.24584129571550042,False,0.6075830410457008,5
regression_QM8_E1-CC2,regression,QM8,E1-CC2,0.015188184210232325,0.013937777195658002,8.232761713094842,with_global,8.445450972448715,0.0010767617312732699,True,-3.7769204950074053,5
regression_QM9_mu,regression,QM9,mu,0.7424300590015593,0.7563584209907622,-1.8760503862052862,without_global,-3.6345535992390823,0.022070731940894383,True,1.625421783153023,5
